,condition,statement,score,raw_output
0,"Given that (c+f)=a the following is statement true:
",(a*(\frac{1}{a}))=(((0+1)+a)+(-(f+c))),6,"Score: 6.
Reason: This statement is interesting because it involves a combination of algebraic manipulations and a clever use of parentheses to create a complex expression. The use of the distributive property and the order of operations to simplify the expression is also noteworthy. However, the statement is not extremely interesting because it is a straightforward algebraic manipulation and does not involve any deep mathematical concepts or surprising insights."
1,"Given that (a+f)=b the following is statement true:
",(1+(a+f))=(((b*((b+(-b))+0))*(\frac{1}{((0*b)+(0*b))}))+b),6,"Score: 6.
Reason: The statement is a simple algebraic manipulation, and while it is technically correct, it does not reveal any deep insights or surprising connections between mathematical concepts. The use of parentheses and the expression is complex, but it is ultimately just a rearrangement of the given equation."
2,"Given that ((a*c)+f)=c the following is statement true:
",((0*((0+(c*(a*c)))+(c*a)))+((a*c)+f))=(((0*((a*c)*c))+(0*(c*a)))+c),8,"Score: 8.
Reason: This statement is interesting because it involves a complex manipulation of mathematical operations, including parentheses and multiplication. The use of nested parentheses and the combination of different operations (addition, multiplication, and exponentiation) makes the statement challenging to read and understand. Additionally, the statement is a true mathematical identity, which means that it is a valid and meaningful mathematical statement."
3,"Given that (c+f)=b the following is statement true:
",(((a*a)+b)*((a^2)*(a*a)))=((((a*a)+(c+f))*(a^2))*(a*a)),8,"Score: 8.
Reason: This statement is interesting because it involves a combination of algebraic manipulations, including the use of parentheses to group terms, exponentiation, and the application of the given equation (c+f)=b. The statement requires the solver to think carefully about the order of operations and how to simplify the expressions. Additionally, the statement is not immediately obvious, making it a fun challenge to solve."
4,"The following statement is true:
",((((a*b)+((a*(b+c))+(-((a*b)+(a*c)))))*0)*(\frac{1}{(((a*b)*0)+(0*0))}))=(1*1),8,"Score: 8.
Reason: This statement is interesting because it is a cleverly constructed example of a true mathematical statement that involves a complex combination of operations, including multiplication, addition, and exponentiation. The use of parentheses to group operations in a specific way adds to the complexity and makes the statement more challenging to evaluate. Additionally, the statement's use of the distributive property and the commutative property of multiplication makes it a good example of how these properties can be used to simplify and evaluate mathematical expressions."
5,"Given that (b+f)=(a*1) the following is statement true:
",1=(((((a+(-(a*1)))+b)*0)+(b+f))*(\frac{1}{(((0*0)+(b*0))+(a*1))})),6,"Score: 6.
Reason: The statement is a clever manipulation of the given equation (b+f)=(a*1) and uses various mathematical operations to arrive at the conclusion. The use of parentheses and the application of mathematical rules, such as the distributive property and the order of operations, make the statement interesting. However, the statement is still a straightforward application of mathematical rules and does not reveal any deep insights or surprising connections, which is why it does not score higher."
6,"The following statement is true:
",(((((b^2)+b)*(b^2))+(-(((b*(0+b))*(b^2))+(b*(b^2)))))+(a+0))=((0+a)+0),2,"Score: 2.
Reason: This statement is a simple algebraic equation that can be easily solved and verified. It does not contain any surprising or counterintuitive results, nor does it have any deep connections to other areas of mathematics. The statement is more of a trivial exercise in algebra, making it quite boring."
7,"The following statement is true:
",(1*1)=(1^2),2,"Score: 2.
Reason: This statement is a basic property of arithmetic and is not particularly surprising or insightful. It is a simple and well-known fact that the product of 1 and 1 is equal to the square of 1."
8,"The following statement is true:
",(c*c)=(c*c),2,"Score: 2.
Reason: This statement is a trivial tautology, stating that a mathematical expression is equal to itself. It lacks any meaningful mathematical content or insight, making it quite uninteresting."
9,"The following statement is true:
",(((0*a)+(0*(-a)))*(\frac{1}{(0^2)}))=(1*1),8,"Score: 8.
Reason: This statement is interesting because it involves a clever use of mathematical operations and properties, such as the distributive property of multiplication over addition, the commutative property of multiplication, and the fact that 0^2 equals 0. The use of parentheses to group the operations also adds to the interest, as it requires the reader to carefully evaluate the expression step by step. However, the statement is not extremely interesting because it is ultimately a simple algebraic equation that can be solved by following the order of operations."
10,"Given that (c+f)=c the following is statement true:
",(1*((((a+(c+f))*b)*(a+c))*(\frac{1}{(1*((a+c)*(b*(a+c))))})))=(1^2),6,"Score: 6.
Reason: The statement is a mathematical equation involving algebraic manipulations, which can be interesting to some people. However, the equation is quite complex and doesn't reveal any deep mathematical insights or connections to other areas of mathematics. It's more of a puzzle to be solved, rather than a statement that reveals a new concept or principle."
11,"The following statement is true:
",((((c*c)+(c*c))+0)+(c*c))=(1*((((c^2)+(c*c))+0)+(0+(c*c)))),8,"Score: 8.
Reason: This statement is interesting because it is a clever example of a mathematical identity, which is a statement that is always true regardless of the value of the variables involved. The statement is also interesting because it involves a complex chain of operations, which requires some thought to understand and verify. Additionally, the use of parentheses to group the operations adds to the statement's interest, as it requires the reader to carefully follow the order of operations to understand the statement's meaning."
12,"Given that ((c*b)+f)=(c*b) the following is statement true:
",(0+((c*b)+f))=((c*b)+((c*(b+c))+(-((c*b)+(c^2))))),6,"Score: 6.
Reason: This statement is interesting because it involves a clever manipulation of algebraic expressions, using the associative and distributive properties of addition and multiplication. The use of parentheses to group terms in a specific way adds a layer of complexity and requires the reader to pay close attention to the structure of the equation. However, the statement is not extremely interesting because it does not reveal any deep mathematical insights or connections to other areas of mathematics. It is primarily a exercise in algebraic manipulation."
13,"The following statement is true:
",((((a*a)+(a^2))+(-((a*(a+a))*1)))+((a^2)+(a*a)))=((0+(a^2))+(a*a)),6,"Score: 6.
Reason: This statement is a cleverly constructed algebraic identity, which is interesting in its own right. The use of nested parentheses and the manipulation of terms to arrive at a simplified form is impressive. However, the statement is still a relatively straightforward algebraic equation, and the underlying mathematics is not particularly novel or groundbreaking."
14,"Given that (c+f)=a the following is statement true:
",((((((b*a)*a)+a)+a)*(b*a))+0)=(1*((((b*(a*a))+(c+f))*(b*a))+(a*(b*a)))),6,"Score: 6.
Reason: The statement is a mathematical identity, which is interesting in itself. However, it is a relatively simple identity that can be easily verified by expanding and simplifying the expressions. The use of parentheses and the multiplication of variables does not add much complexity or surprise to the statement, making it less interesting than a more profound or counterintuitive mathematical result."
15,"Given that (a+f)=c the following is statement true:
",0=((((b*f)+((a+(a+f))*f))*(f+a))+(-((f*((b+(a+c))*f))+(((b+(a+c))*f)*a)))),8,"Score: 8.
Reason: The statement is a complex algebraic equation that involves multiple variables and operations. While it may not be particularly insightful or have any deep mathematical significance, it is still a challenging and intricate equation that requires some thought to simplify or solve. The use of parentheses and the combination of addition, subtraction, and multiplication operations make it a moderately interesting mathematical statement."
16,"The following statement is true:
",(0*(((0+c)*(0+(0+c)))+(-((0*c)+((0+c)*c)))))=(0^2),8,"Score: 8.
Reason: This statement is interesting because it is a cleverly constructed identity that uses the properties of arithmetic operations to simplify the expression. The use of nested parentheses and the combination of addition and multiplication operations make it a challenging and engaging problem to solve. Additionally, the statement's truth value is not immediately obvious, which adds to its interest."
17,"Given that (0+f)=c the following is statement true:
",(((b*a)+c)+(-(0+f)))=(1*((a+0)*b)),6,"Score: 6.
Reason: This statement is a simple algebraic equation that can be solved by following the order of operations and applying basic arithmetic rules. While it may be a good exercise in algebraic manipulation, it does not reveal any deep mathematical insights or connections to other areas of mathematics, making it less interesting than more profound or unexpected mathematical statements."
18,"The following statement is true:
",((((a+(a+c))*(a+c))+(b*(a+c)))*(a*c))=(((((((a+c)+a)+b)*a)+((((a+c)+a)+b)*c))*a)*c),8,"Score: 8.
Reason: This statement is interesting because it is a mathematical identity, which means it is a true statement that can be verified by algebraic manipulation. The statement is also a bit challenging to verify, as it involves a series of nested parentheses and multiple instances of the variables a and c. The fact that the statement is true despite its complexity makes it interesting and worthy of attention."
19,"The following statement is true:
",1=(((c+(1*(b*(b+((c+b)+c)))))*b)*(\frac{1}{((c*b)+(((b*b)+(b*(c+(b+c))))*b))})),8,"Score: 8.
Reason: This statement is interesting because it is a cleverly constructed identity that uses a combination of algebraic manipulation and parentheses to arrive at a true statement. The use of nested parentheses and the inclusion of variables (c and b) adds a layer of complexity and makes it more engaging. However, the statement is still a mathematical identity and does not have any profound implications or connections to other areas of mathematics, which prevents it from being a 10."
20,"Given that (0+f)=a the following is statement true:
",a=(((a+a)+0)+(-(0+f))),6,"Score: 6.
Reason: This statement is interesting because it involves a clever manipulation of the given equation, using the properties of addition and negation to derive a new equation. The use of parentheses to group terms and the application of the distributive property make the statement more complex and challenging to follow, which adds to its interest. However, the statement is not extremely interesting because it does not reveal any deep insights or connections to other areas of mathematics. It is primarily a exercise in algebraic manipulation."
21,"Given that (c+f)=(b*a) the following is statement true:
",((b*a)*((0+1)+1))=(((b*a)*(((b*(a*a))+(c+f))*(\frac{1}{(((b*a)*a)+(b*a))})))+((b*a)*1)),8,"Score: 8.
Reason: This statement is interesting because it involves a complex chain of algebraic manipulations, including the use of parentheses and exponents. The statement also requires the reader to carefully evaluate the order of operations and perform multiple calculations to arrive at the conclusion. The use of the variable names ""b"", ""a"", ""c"", and ""f"" adds an element of mystery, making the statement more engaging and challenging to solve. However, the statement is not extremely interesting because it is purely algebraic and does not involve any deep mathematical concepts or surprising insights."
22,"The following statement is true:
",((c*(c*1))+(0*(c*1)))=((c+0)^2),8,"Score: 8.
Reason: This statement is interesting because it is a clever and concise demonstration of the distributive property of multiplication over addition, which is a fundamental concept in algebra. The use of parentheses and the manipulation of the expression to arrive at the desired result is also noteworthy. However, the statement is not extremely interesting because it is a relatively straightforward application of a well-known mathematical principle, and the result is not particularly surprising or counterintuitive."
23,"Given that ((0+c)+f)=(0+c) the following is statement true:
",(((c+((0+c)+f))^2)*(f*(0+c)))=((((c*((0+c)+(0+c)))+(((0+c)+f)*((0+c)+(0+c))))*f)*(0+c)),6,"Score: 6.
Reason: This statement is a mathematical identity, which means it is a true statement that can be verified by algebraic manipulation. The statement is a complex expression that involves multiple layers of parentheses, which can make it visually appealing and challenging to simplify. However, the statement is ultimately a straightforward algebraic identity, and its interest lies more in its complexity and the process of simplifying it rather than any deep mathematical insight or unexpected result."
24,"The following statement is true:
",(0^2)=(0+((a*0)+(0*(-a)))),6,"Score: 6.
Reason: This statement is interesting because it's a clever example of a mathematical identity, which is a statement that is always true regardless of the values of the variables involved. The statement uses a combination of algebraic manipulation and the properties of exponents and multiplication to arrive at a true statement. However, it's not extremely interesting because it's a relatively simple and straightforward example, and the result is not particularly surprising or counterintuitive."
25,"Given that (a+f)=(b^2) the following is statement true:
",0=((((c+(((b*b)+c)+(b^2)))*(b^2))+(a+f))+(-(((c*(b^2))+(((b^2)+(c+(b^2)))*(b^2)))+(b^2)))),8,"Score: 8.
Reason: This statement is interesting because it involves a complex combination of mathematical operations, including exponentiation, multiplication, and addition. The use of parentheses to group terms and avoid ambiguity adds to the complexity and interest of the statement. Additionally, the statement appears to be a mathematical identity, which could have interesting implications for algebra or number theory. However, the statement is not necessarily groundbreaking or surprising, which is why I did not give it a perfect score."
26,"The following statement is true:
",(((0+c)*((c+c)+c))+(((c+c)*(c+c))+((c+c)*c)))=(((0+c)+(c+c))^2),8,"Score: 8.
Reason: This statement is interesting because it is a cleverly constructed algebraic identity. It requires a good understanding of algebraic manipulation and pattern recognition to derive the solution. The statement is not particularly groundbreaking or surprising, but it is a nice example of a well-crafted mathematical proof."
27,"Given that (a+f)=a the following is statement true:
",(((a+(-a))+a)+(-f))=((0+a)+0),8,"Score: 8.
Reason: This statement is interesting because it involves a clever application of the associative and commutative properties of addition, as well as the concept of zero. The use of parentheses to group the terms in a specific way adds an extra layer of complexity and requires the reader to pay close attention to the structure of the equation. Additionally, the statement is a good example of how mathematical properties can be used to simplify and manipulate expressions, which is a fundamental aspect of mathematics."
28,"Given that (c+f)=c the following is statement true:
",((b*a)*((((-(b*a))+(a*b))+c)+(b*a)))=(((b*a)*(0+(c+f)))+((b*a)*(b*a))),8,"Score: 8.
Reason: This statement is interesting because it involves a complex chain of operations and uses the given equation (c+f)=c to simplify the expression. The use of parentheses and the combination of addition, subtraction, and multiplication operations make it a challenging and engaging mathematical puzzle to solve."
29,"The following statement is true:
",((((a^2)+a)*c)*c)=((((((a*a)*c)+(a*c))*(c+(a*c)))*1)+(-((((a^2)+a)*c)*(a*c)))),8,"Score: 8.
Reason: This statement is interesting because it is a cleverly constructed identity that involves a complex combination of algebraic operations. The use of parentheses to group terms in a specific way creates a sense of complexity and challenge, making it appealing to mathematicians who enjoy solving puzzles. Additionally, the statement's truth value is not immediately obvious, which adds to its interest. However, the statement's content is still purely algebraic and does not have any deep or profound implications, which prevents it from being a 10."
30,"The following statement is true:
",0=(((1*(\frac{1}{c}))*c)+(-(1^2))),6,"Score: 6.
Reason: This statement is interesting because it is a cleverly constructed identity that uses algebraic manipulation to show that 0 is equal to a complex expression involving multiplication, division, and exponentiation. The use of parentheses and the order of operations makes it a fun puzzle to solve, and the result is a surprising and counterintuitive equality. However, the statement is not extremely interesting because it is a relatively simple algebraic identity and does not have any deep or profound implications for mathematics or other fields."
31,"The following statement is true:
",(c*(1+((b*((a*1)*(c*(1*a))))+((a*1)*((a*1)*(c*(a*1)))))))=((c*1)+(c*((b+(a*1))*((a*c)*(a*1))))),8,"Score: 8.
Reason: This statement is a mathematical identity, which is interesting in itself. The fact that it is a true statement about the behavior of multiplication and addition is intriguing. The statement is also a bit complex, with multiple layers of parentheses, which makes it more interesting to analyze and understand. However, it is not a particularly deep or profound statement, and it does not have any significant implications for mathematics or the world."
32,"Given that (a+f)=1 the following is statement true:
",(((1+a)+(\frac{1}{b}))*(((1+1)+a)+1))=(((1+a)*((((\frac{1}{b})*b)+(1+a))+(a+f)))+((\frac{1}{b})*(((b*(\frac{1}{b}))+(1+a))+(a+f)))),8,"Score: 8.
Reason: The statement is interesting because it involves a complex algebraic expression with multiple layers of parentheses, which requires some effort to simplify and evaluate. The presence of variables a, f, and b adds an extra layer of complexity, making it a challenging and engaging problem to solve. Additionally, the statement's structure and layout make it visually appealing, which can spark curiosity and encourage the reader to explore its properties and implications."
33,"The following statement is true:
",(c*((a^2)+(b+(a^2))))=(((a^2)*c)+(c*((1*(a*a))+b))),6,"Score: 6.
Reason: This statement is a mathematical identity, which is a fundamental concept in mathematics. It is a true statement that can be verified through algebraic manipulation. While it is not a groundbreaking or revolutionary result, it is still a valid and interesting mathematical fact. The use of parentheses and exponentiation adds some complexity to the statement, making it more interesting than a simple arithmetic equation. However, it is not a particularly deep or profound result, which is why I gave it a score of 6."
34,"Given that (a+f)=b the following is statement true:
",(((b+b)*(b+(a+f)))+(-((b+(a+f))^2)))=(0+0),6,"Score: 6.
Reason: The statement is a mathematical identity, which is a true statement that is often used in algebra and calculus. The statement is not particularly surprising or counterintuitive, but it is a valid and useful result. The use of parentheses and the combination of addition and subtraction operations make the statement slightly more interesting than a simple equation, but it is still a relatively straightforward mathematical identity."
35,"The following statement is true:
",((b+b)*(b*(c*b)))=(((b+b)*b)*(c*b)),6,"Score: 6.
Reason: This statement is a simple algebraic identity, which is not particularly surprising or groundbreaking. It is a straightforward manipulation of parentheses and does not reveal any deep insights or connections to other areas of mathematics. However, it is still a correct and well-formed mathematical statement, which makes it somewhat interesting."
36,"The following statement is true:
",(1*((((0+b)*a)*(\frac{1}{(a*b)}))+b))=((1*1)+(1*b)),6,"Score: 6.
Reason: This statement is a mathematical identity, which is a fundamental concept in mathematics. It's interesting because it shows a specific property of algebraic expressions, but it's not particularly surprising or groundbreaking. The statement is also quite long and convoluted, which makes it more challenging to understand and appreciate. Overall, it's a solid mathematical statement, but not extremely interesting or innovative."
37,"The following statement is true:
",(0*(a+(((1*0)*c)+(((a*(a*b))+(-((a*a)*b)))*c))))=((0*a)+(0*(((1*0)+(1*0))*c))),8,"Score: 8.
Reason: This statement is interesting because it is a cleverly constructed example of a true mathematical statement that uses a lot of parentheses and operations. It is a good example of how mathematical notation can be used to create complex and intricate expressions. The statement is also interesting because it is a good test of one's ability to parse and evaluate complex mathematical expressions."
38,"Given that (c+f)=b the following is statement true:
",((((b^2)*b)+b)*(b+c))=(((((b*(b*b))+c)+f)*b)+((((b*(b*b))+c)+f)*c)),8,"Score: 8.
Reason: This statement is interesting because it involves a complex algebraic expression that requires careful manipulation and calculation to prove true. The use of nested parentheses and the combination of addition, multiplication, and exponentiation operations make it a challenging and engaging problem to solve. Additionally, the statement's structure and presentation are reminiscent of a mathematical proof, which adds to its interest."
39,"Given that (a+f)=b the following is statement true:
",(b+a)=(((b*1)+b)+(-f)),6,"Score: 6.
Reason: This statement is a simple algebraic manipulation, which is not particularly surprising or unexpected. It's a straightforward application of the given equation and the order of operations. While it's not entirely trivial, it's not particularly insightful or groundbreaking either."
40,"Given that (a+f)=(c+c) the following is statement true:
",(((c+(c+c))+(a+f))*(\frac{1}{((c+(c+c))+(c+c))}))=(0+1),8,"Score: 8.
Reason: This statement is interesting because it involves a combination of algebraic manipulation, parentheses, and a clever use of the given equation. The statement requires the reader to carefully evaluate the expressions and simplify them step by step, which makes it engaging and challenging. Additionally, the use of the given equation to simplify the expression adds an element of surprise and makes the statement more interesting."
41,"Given that (b+f)=a the following is statement true:
",0=(((b+(b+f))^2)+(-(((b+a)*(b+(b+f)))*1))),8,"Score: 8.
Reason: This statement is interesting because it involves a complex algebraic expression that is being equated to 0. The use of parentheses and the combination of addition, subtraction, and multiplication operations creates a sense of complexity and depth. Additionally, the fact that the statement is being evaluated as true or false adds an element of mathematical rigor to the problem. However, the statement itself is not particularly surprising or counterintuitive, which is why it doesn't score a 10."
42,"The following statement is true:
",((0+c)+b)=((((((b*c)+(b*c))*(a*a))+(-(((b*(c+c))*a)*a)))+(c+b))*1),6,"Score: 6.
Reason: The statement is a mathematical equation that is true, but it is not particularly surprising or insightful. The equation is a combination of basic arithmetic operations and does not reveal any deep mathematical truths or connections. It is a straightforward calculation that can be verified by plugging in values for the variables. While it may be interesting to some people who enjoy solving mathematical puzzles, it is not a groundbreaking or profound statement."
43,"Given that (a+f)=(c^2) the following is statement true:
",(c*c)=(c*c),2,"Score: 2.
Reason: This statement is a trivial tautology, as it is simply stating that a mathematical identity is equal to itself. It does not provide any new or surprising information, and is not particularly interesting or insightful."
44,"Given that (c+f)=a the following is statement true:
",(((c*f)+((a*((a+a)+a))*f))*((c*f)*a))=((((c+((a*((a+c)+f))+(a*a)))*f)*(c*f))*a),8,"Score: 8.
Reason: This statement is interesting because it is a mathematical identity, which means it is a true statement that can be verified by algebraic manipulation. The statement involves a complex combination of variables and operations, which makes it challenging to verify and understand. The use of parentheses and the complexity of the expression also make it visually appealing and require some thought to decipher. However, the statement is not extremely interesting because it is a purely algebraic identity and does not have any deep or profound implications for mathematics or other fields."
45,"The following statement is true:
",(((c*c)+(c*((b*c)*b)))+((c*b)+b))=(((c*(c+(1*((c*b)*b))))+(c*b))+b),6,"Score: 6.
Reason: This statement is a mathematical identity, which is a fundamental concept in mathematics. It is interesting because it shows a deep connection between the given expressions, and it requires a good understanding of algebraic manipulation and mathematical structure. However, it is not extremely interesting because it is a relatively simple identity and does not have any profound implications or connections to other areas of mathematics."
46,"The following statement is true:
",((c+(c*(a*b)))*(1*((b*(c*a))+c)))=((c+(c*(a*b)))^2),8,"Score: 8.
Reason: This statement is interesting because it is a cleverly crafted algebraic identity. It requires a good understanding of algebraic manipulation and the ability to recognize and apply various mathematical properties, such as the distributive property and the exponentiation rule. The statement is also a good example of how mathematical expressions can be simplified and rearranged to reveal underlying structures and patterns."
47,"The following statement is true:
",((b*c)*(((0+a)+a)+0))=(((b*c)*((a+a)+((b*(b*c))+(-((b*b)*c)))))+((b*c)*0)),6,"Score: 6.
Reason: The statement is a mathematical identity, which is interesting in the sense that it reveals a deep connection between the given variables and operations. However, the statement is not particularly surprising or counterintuitive, and it does not have any immediate practical applications. The use of parentheses and the complexity of the expression may make it more challenging to understand and verify, but it does not necessarily make it more interesting."
48,"The following statement is true:
",(((0+b)+a)*((a+b)*1))=(((0+b)+a)^2),6,"Score: 6.
Reason: This statement is a mathematical identity, which is a fundamental concept in mathematics. It shows that the given expression is equal to another expression, which is a basic property of algebra. While it's not a groundbreaking or surprising result, it's still a valid and useful identity that can be applied in various mathematical contexts. The interest level is moderate, as it's a straightforward and well-known result, but it's still a nice example of algebraic manipulation."
49,"Given that (c+f)=c the following is statement true:
",(((0+((c+a)*a))+c)*((a^2)*(a^2)))=(((((c*a)+(a^2))+(c+f))*(a^2))*(a^2)),8,"Score: 8.
Reason: The statement is interesting because it involves a complex algebraic expression with multiple layers of parentheses, which requires some effort to simplify and evaluate. The use of variables like c, f, a, and the presence of exponentiation (a^2) add to the complexity and make the statement more intriguing. However, the statement is still a mathematical equation, and its interest is mainly in its mathematical structure rather than its potential applications or connections to other areas of mathematics."
50,"The following statement is true:
",1=(((\frac{1}{((b*(b+a))+0)})*(b*b))+((b*a)*(\frac{1}{((b*(b+a))+0)}))),8,"Score: 8.
Reason: The statement is interesting because it is a cleverly disguised identity, using algebraic manipulation to equate a complex expression with a simple constant. The use of parentheses and nested fractions adds to the complexity, making it a fun puzzle to unravel. However, the statement is not extremely interesting because it is ultimately a simple algebraic identity, and the solution is not particularly deep or profound."
51,"Given that (a+f)=c the following is statement true:
",((((c+(a+f))*c)+((c+(a+f))*c))+(-((c+(a+f))^2)))=(0+0),8,"Score: 8.
Reason: This statement is interesting because it involves a complex algebraic expression that requires some thought to simplify and evaluate. The use of parentheses and the combination of addition, multiplication, and exponentiation operations make it a challenging and engaging problem to solve. Additionally, the fact that the statement claims to be equal to 0+0 suggests that it may be related to some fundamental property of algebra or arithmetic, which adds to its interest."
52,"Given that (b+f)=a the following is statement true:
",(((((b*b)+b)*(b^2))+b)+f)=((((b*b)*(b^2))+(b*(b^2)))+a),6,"Score: 6.
Reason: This statement is interesting because it involves a combination of algebraic manipulations and the given equation (b+f)=a. The statement requires the reader to apply the distributive property, exponent rules, and the given equation to simplify the expressions. However, the statement is not extremely interesting because it does not involve any deep mathematical concepts or surprising connections. It is more of a straightforward algebraic exercise."
53,"The following statement is true:
",(b*(((c*b)*b)+((b*b)+(b*b))))=((((b+(c*b))*(((c*(b*b))+(b*b))+(b*b)))+0)+(-((c*b)*(((c*b)*b)+((b*b)+(b*b)))))),8,"Score: 8.
Reason: This statement is a mathematical identity, which is interesting in itself. The fact that it is a true statement is impressive, as it requires a deep understanding of algebraic manipulation and the ability to simplify complex expressions. The statement is also quite long and convoluted, making it a challenging problem to solve. However, it is not a particularly deep or profound mathematical concept, which is why I did not give it a higher score."
54,"The following statement is true:
",((0^2)*((-c)*a))=(((((-c)+c)*0)*(-c))*a),6,"Score: 6.
Reason: This statement is interesting because it is a true mathematical identity, which means it is a valid equation that is always true. The statement involves the use of parentheses to group terms and operations, which can be challenging to read and understand. Additionally, the statement involves the use of variables (c and a) which adds a layer of complexity and makes it more interesting. However, the statement is still relatively simple and does not involve any advanced mathematical concepts, which is why I did not give it a higher score."
55,"The following statement is true:
",(1+0)=(((((a*b)+((a*a)+(a*b)))*(a+b))*(\frac{1}{(((a*b)*(a+b))+((a*(a+b))*(a+b)))}))*1),8,"Score: 8.
Reason: The statement is interesting because it is a cleverly constructed identity that uses algebraic manipulation to prove a simple arithmetic fact. The use of parentheses and the inclusion of the variable ""a"" and ""b"" make it more engaging than a straightforward statement like ""1+0=1"". However, the statement is not extremely interesting because it is still a basic arithmetic fact and does not have any deep or profound implications."
56,"The following statement is true:
",((0+(0+0))*(((b*0)+(b*0))+0))=((0*((b*((a+(-a))+0))*1))+((0+0)*((b*((a+(-a))+0))*1))),8,"Score: 8.
Reason: This statement is interesting because it is a cleverly constructed example of a true mathematical statement that uses a combination of basic arithmetic operations and parentheses to create a complex expression. The use of the variable ""b"" and the constant ""a"" adds an element of unpredictability, making it more engaging than a simple arithmetic statement. Additionally, the statement's truth value is not immediately obvious, which makes it more interesting to analyze and understand."
57,"The following statement is true:
",(0*c)=((0^2)+(-((-c)*0))),6,"Score: 6.
Reason: This statement is interesting because it is a clever and concise demonstration of the properties of zero in arithmetic. It uses the distributive property, exponentiation, and the fact that multiplying any number by zero results in zero. The statement is also a good example of how mathematical notation can be used to create a clever and concise proof. However, the statement itself is not particularly surprising or groundbreaking, which is why I wouldn't give it a score of 10."
58,"The following statement is true:
",(0+(((a*b)+b)+(b*a)))=(1*(((a*b)+(a*b))+b)),6,"Score: 6.
Reason: This statement is a cleverly constructed algebraic identity, which is interesting in its own right. The use of parentheses to create a nested expression adds a layer of complexity and makes it more engaging. However, the statement is still a relatively straightforward algebraic manipulation, and it may not be surprising or groundbreaking for experts in the field."
59,"Given that (0+f)=a the following is statement true:
",(((c*a)*(((a*c)+(-((c*a)+0)))+0))+(0+f))=((((c*a)*0)+((c*a)*0))+a),8,"Score: 8.
Reason: This statement is interesting because it involves a complex chain of operations and uses various mathematical concepts such as multiplication, addition, and parentheses. The use of variables like c, a, and f adds an element of abstraction, making it more engaging. Additionally, the statement's structure and layout require careful attention to detail to understand and evaluate, which can be a fun challenge for math enthusiasts. However, the statement's content is still relatively straightforward and doesn't involve any groundbreaking or surprising results, which is why it doesn't score a 10."
60,"Given that (0+f)=(\\frac{1}{(c^2)}) the following is statement true:
",(((c^2)*(\frac{1}{(0+(c*c))}))+(0+f))=((1*1)+(\frac{1}{(c^2)})),6,"Score: 6.
Reason: This statement is a mathematical identity, which is interesting in itself. It's a clever rearrangement of the given equation, and it requires some thought to see how the terms are related. However, it's not a particularly deep or surprising result, and it doesn't have any significant implications for mathematics or other fields. It's more of a clever puzzle to solve, rather than a profound mathematical insight."
61,"The following statement is true:
",(((c*b)+(0*b))+((c*a)+b))=((((((b*(c*a))+(-((b*c)*a)))+c)*b)+(c*a))+b),8,"Score: 8.
Reason: This statement is a mathematical identity, which is always interesting in mathematics. It's a clever rearrangement of algebraic expressions, and it requires some thought to verify its correctness. The use of parentheses and the complexity of the expression make it more engaging than a simple arithmetic fact. However, it's not a groundbreaking or profound result, which is why I didn't give it a perfect score."
62,"The following statement is true:
",(((c^2)+(-(0+(c*c))))*(c*b))=((0*c)*b),6,"Score: 6.
Reason: This statement is a mathematical identity, which is a fundamental concept in mathematics. It is interesting because it shows a deep connection between the variables c and b, and how they interact with each other through algebraic operations. The use of parentheses and the order of operations also adds a layer of complexity and challenge to the statement, making it more interesting to analyze and understand. However, the statement is not extremely interesting because it is a relatively simple identity and does not have any profound implications or connections to other areas of mathematics."
